[
  {
    "featureType": "administrative",
    "elementType": "geometry",
    "stylers": [
      {
        "color": "#ea0606"
      }
    ]
  },
  {
    "featureType": "poi",
    "elementType": "labels.text",
    "stylers": [
      {
        "visibility": "off"
      }
    ]
  },
  {
    "featureType": "poi.business",
    "stylers": [
      {
        "visibility": "off"
      }
    ]
  },
  {
    "featureType": "poi.medical",
    "stylers": [
      {
        "color": "#ea0606"
      },
      {
        "visibility": "simplified"
      }
    ]
  },
  {
    "featureType": "poi.medical",
    "elementType": "geometry",
    "stylers": [
      {
        "saturation": -5
      },
      {
        "weight": 2
      }
    ]
  },
  {
    "featureType": "poi.medical",
    "elementType": "geometry.stroke",
    "stylers": [
      {
        "weight": 2
      }
    ]
  },
  {
    "featureType": "poi.medical",
    "elementType": "labels.text",
    "stylers": [
      {
        "color": "#000000"
      },
      {
        "saturation": -5
      },
      {
        "weight": 2
      }
    ]
  },
  {
    "featureType": "road",
    "elementType": "labels.icon",
    "stylers": [
      {
        "visibility": "off"
      }
    ]
  },
  {
    "featureType": "transit",
    "stylers": [
      {
        "visibility": "off"
      }
    ]
  },
  {
    "featureType": "transit.station.bus",
    "stylers": [
      {
        "color": "#eadb06"
      }
    ]
  }
]